cell_id,district,price_2022_amd_m2,rent_implied_amd_m2_month
0,,,
1,,,
2,,,
3,,,
4,,,
5,,,
6,,,
7,,,
8,,,
9,,,
10,,,
11,,,
12,,,
13,,,
14,,,
15,,,
16,,,
17,,,
18,,,
19,,,
20,,,
21,,,
22,,,
23,,,
24,,,
25,,,
26,,,
27,,,
28,,,
29,,,
30,,,
31,,,
32,,,
33,,,
34,,,
35,,,
36,,,
37,,,
38,,,
39,,,
40,,,
41,,,
42,,,
43,,,
44,,,
45,,,
46,,,
47,,,
48,,,
49,,,
50,,,
51,,,
52,,,
53,,,
54,,,
55,,,
56,,,
57,,,
58,Malatia-Sebastia,205.0,1.025
59,,,
60,,,
61,,,
62,,,
63,,,
64,,,
65,,,
66,,,
67,,,
68,,,
69,,,
70,,,
71,,,
72,,,
73,,,
74,,,
75,,,
76,,,
77,,,
78,,,
79,,,
80,,,
81,,,
82,,,
83,,,
84,,,
85,,,
86,,,
87,,,
88,,,
89,,,
90,,,
91,,,
92,,,
93,,,
94,,,
95,,,
96,,,
97,,,
98,Malatia-Sebastia,205.0,1.025
99,,,
100,,,
101,,,
102,,,
103,,,
104,,,
105,,,
106,,,
107,,,
108,,,
109,,,
110,,,
111,,,
112,,,
113,,,
114,,,
115,,,
116,,,
117,,,
118,,,
119,,,
120,,,
121,,,
122,,,
123,,,
124,,,
125,,,
126,,,
127,,,
128,,,
129,,,
130,,,
131,,,
132,,,
133,,,
134,,,
135,,,
136,,,
137,,,
138,Malatia-Sebastia,205.0,1.025
139,,,
140,,,
141,,,
142,,,
143,,,
144,,,
145,,,
146,,,
147,,,
148,,,
149,,,
150,,,
151,,,
152,,,
153,,,
154,,,
155,,,
156,,,
157,,,
158,,,
159,,,
160,,,
161,,,
162,,,
163,,,
164,,,
165,,,
166,,,
167,,,
168,,,
169,,,
170,,,
171,,,
172,,,
173,,,
174,,,
175,,,
176,,,
177,,,
178,Malatia-Sebastia,205.0,1.025
179,,,
180,,,
181,,,
182,,,
183,,,
184,,,
185,,,
186,,,
187,,,
188,,,
189,,,
190,,,
191,,,
192,,,
193,,,
194,,,
195,,,
196,,,
197,,,
198,,,
199,,,
200,,,
201,,,
202,,,
203,,,
204,,,
205,,,
206,,,
207,,,
208,,,
209,,,
210,,,
211,,,
212,,,
213,,,
214,,,
215,,,
216,,,
217,,,
218,Malatia-Sebastia,205.0,1.025
219,,,
220,,,
221,,,
222,,,
223,,,
224,,,
225,,,
226,,,
227,,,
228,,,
229,,,
230,,,
231,,,
232,,,
233,,,
234,,,
235,,,
236,,,
237,,,
238,,,
239,,,
240,,,
241,,,
242,,,
243,,,
244,,,
245,,,
246,,,
247,,,
248,,,
249,,,
250,,,
251,,,
252,,,
253,,,
254,,,
255,,,
256,,,
257,,,
258,Malatia-Sebastia,205.0,1.025
259,Malatia-Sebastia,205.0,1.025
260,,,
261,,,
262,,,
263,,,
264,,,
265,,,
266,,,
267,,,
268,,,
269,,,
270,,,
271,,,
272,,,
273,Ajapnyak,37.0,0.18499999999999997
274,Ajapnyak,37.0,0.18499999999999997
275,Ajapnyak,37.0,0.18499999999999997
276,,,
277,,,
278,,,
279,,,
280,,,
281,,,
282,,,
283,,,
284,,,
285,,,
286,,,
287,,,
288,,,
289,,,
290,,,
291,,,
292,,,
293,,,
294,,,
295,,,
296,,,
297,,,
298,Malatia-Sebastia,205.0,1.025
299,Malatia-Sebastia,205.0,1.025
300,,,
301,,,
302,,,
303,,,
304,,,
305,,,
306,,,
307,Malatia-Sebastia,205.0,1.025
308,Malatia-Sebastia,205.0,1.025
309,,,
310,Ajapnyak,37.0,0.18499999999999997
311,Ajapnyak,37.0,0.18499999999999997
312,Ajapnyak,37.0,0.18499999999999997
313,Ajapnyak,37.0,0.18499999999999997
314,Ajapnyak,37.0,0.18499999999999997
315,,,
316,,,
317,,,
318,,,
319,,,
320,,,
321,,,
322,,,
323,,,
324,,,
325,,,
326,,,
327,,,
328,,,
329,,,
330,,,
331,,,
332,,,
333,,,
334,,,
335,,,
336,,,
337,,,
338,Malatia-Sebastia,205.0,1.025
339,Malatia-Sebastia,205.0,1.025
340,,,
341,,,
342,,,
343,Malatia-Sebastia,205.0,1.025
344,Malatia-Sebastia,205.0,1.025
345,Malatia-Sebastia,205.0,1.025
346,Malatia-Sebastia,205.0,1.025
347,Malatia-Sebastia,205.0,1.025
348,Malatia-Sebastia,205.0,1.025
349,Ajapnyak,37.0,0.18499999999999997
350,Ajapnyak,37.0,0.18499999999999997
351,Ajapnyak,37.0,0.18499999999999997
352,Ajapnyak,37.0,0.18499999999999997
353,Ajapnyak,37.0,0.18499999999999997
354,Ajapnyak,37.0,0.18499999999999997
355,,,
356,,,
357,,,
358,,,
359,,,
360,,,
361,,,
362,,,
363,,,
364,,,
365,,,
366,,,
367,,,
368,,,
369,,,
370,,,
371,,,
372,,,
373,,,
374,,,
375,,,
376,,,
377,,,
378,Malatia-Sebastia,205.0,1.025
379,Malatia-Sebastia,205.0,1.025
380,Malatia-Sebastia,205.0,1.025
381,,,
382,,,
383,Malatia-Sebastia,205.0,1.025
384,Malatia-Sebastia,205.0,1.025
385,Malatia-Sebastia,205.0,1.025
386,Malatia-Sebastia,205.0,1.025
387,Malatia-Sebastia,205.0,1.025
388,Malatia-Sebastia,205.0,1.025
389,Ajapnyak,37.0,0.18499999999999997
390,Ajapnyak,37.0,0.18499999999999997
391,Ajapnyak,37.0,0.18499999999999997
392,Ajapnyak,37.0,0.18499999999999997
393,Ajapnyak,37.0,0.18499999999999997
394,Ajapnyak,37.0,0.18499999999999997
395,Ajapnyak,37.0,0.18499999999999997
396,,,
397,,,
398,,,
399,,,
400,,,
401,,,
402,,,
403,,,
404,,,
405,,,
406,,,
407,,,
408,,,
409,,,
410,,,
411,,,
412,,,
413,,,
414,,,
415,,,
416,,,
417,,,
418,,,
419,,,
420,,,
421,,,
422,,,
423,Malatia-Sebastia,205.0,1.025
424,Malatia-Sebastia,205.0,1.025
425,Malatia-Sebastia,205.0,1.025
426,Malatia-Sebastia,205.0,1.025
427,Malatia-Sebastia,205.0,1.025
428,Ajapnyak,37.0,0.18499999999999997
429,Ajapnyak,37.0,0.18499999999999997
430,Ajapnyak,37.0,0.18499999999999997
431,Ajapnyak,37.0,0.18499999999999997
432,Ajapnyak,37.0,0.18499999999999997
433,Ajapnyak,37.0,0.18499999999999997
434,Ajapnyak,37.0,0.18499999999999997
435,Ajapnyak,37.0,0.18499999999999997
436,,,
437,,,
438,,,
439,,,
440,,,
441,,,
442,,,
443,,,
444,,,
445,,,
446,,,
447,,,
448,,,
449,,,
450,,,
451,Shengavit,815.0,4.075
452,,,
453,,,
454,Shengavit,815.0,4.075
455,,,
456,,,
457,,,
458,,,
459,,,
460,,,
461,,,
462,,,
463,Malatia-Sebastia,205.0,1.025
464,Malatia-Sebastia,205.0,1.025
465,Malatia-Sebastia,205.0,1.025
466,Malatia-Sebastia,205.0,1.025
467,Malatia-Sebastia,205.0,1.025
468,Ajapnyak,37.0,0.18499999999999997
469,Ajapnyak,37.0,0.18499999999999997
470,Ajapnyak,37.0,0.18499999999999997
471,Ajapnyak,37.0,0.18499999999999997
472,Ajapnyak,37.0,0.18499999999999997
473,Ajapnyak,37.0,0.18499999999999997
474,Ajapnyak,37.0,0.18499999999999997
475,Ajapnyak,37.0,0.18499999999999997
476,,,
477,,,
478,,,
479,,,
480,,,
481,,,
482,,,
483,,,
484,,,
485,,,
486,,,
487,,,
488,,,
489,,,
490,,,
491,,,
492,Shengavit,815.0,4.075
493,Shengavit,815.0,4.075
494,Shengavit,815.0,4.075
495,Shengavit,815.0,4.075
496,Shengavit,815.0,4.075
497,Shengavit,815.0,4.075
498,,,
499,,,
500,,,
501,Malatia-Sebastia,205.0,1.025
502,Malatia-Sebastia,205.0,1.025
503,Malatia-Sebastia,205.0,1.025
504,Malatia-Sebastia,205.0,1.025
505,Malatia-Sebastia,205.0,1.025
506,Malatia-Sebastia,205.0,1.025
507,Ajapnyak,37.0,0.18499999999999997
508,Ajapnyak,37.0,0.18499999999999997
509,Ajapnyak,37.0,0.18499999999999997
510,Ajapnyak,37.0,0.18499999999999997
511,Ajapnyak,37.0,0.18499999999999997
512,Ajapnyak,37.0,0.18499999999999997
513,Ajapnyak,37.0,0.18499999999999997
514,Ajapnyak,37.0,0.18499999999999997
515,Ajapnyak,37.0,0.18499999999999997
516,,,
517,,,
518,,,
519,,,
520,,,
521,,,
522,,,
523,,,
524,,,
525,,,
526,,,
527,,,
528,,,
529,,,
530,Shengavit,815.0,4.075
531,Shengavit,815.0,4.075
532,Shengavit,815.0,4.075
533,Shengavit,815.0,4.075
534,Shengavit,815.0,4.075
535,Shengavit,815.0,4.075
536,Shengavit,815.0,4.075
537,Shengavit,815.0,4.075
538,Shengavit,815.0,4.075
539,,,
540,,,
541,Malatia-Sebastia,205.0,1.025
542,Malatia-Sebastia,205.0,1.025
543,Malatia-Sebastia,205.0,1.025
544,Malatia-Sebastia,205.0,1.025
545,Malatia-Sebastia,205.0,1.025
546,Malatia-Sebastia,205.0,1.025
547,Ajapnyak,37.0,0.18499999999999997
548,Ajapnyak,37.0,0.18499999999999997
549,Ajapnyak,37.0,0.18499999999999997
550,Ajapnyak,37.0,0.18499999999999997
551,Ajapnyak,37.0,0.18499999999999997
552,Ajapnyak,37.0,0.18499999999999997
553,Ajapnyak,37.0,0.18499999999999997
554,Ajapnyak,37.0,0.18499999999999997
555,Ajapnyak,37.0,0.18499999999999997
556,Ajapnyak,37.0,0.18499999999999997
557,,,
558,,,
559,,,
560,,,
561,,,
562,,,
563,,,
564,,,
565,,,
566,,,
567,,,
568,,,
569,,,
570,Shengavit,815.0,4.075
571,Shengavit,815.0,4.075
572,Shengavit,815.0,4.075
573,Shengavit,815.0,4.075
574,Shengavit,815.0,4.075
575,Shengavit,815.0,4.075
576,Shengavit,815.0,4.075
577,Shengavit,815.0,4.075
578,Shengavit,815.0,4.075
579,Shengavit,815.0,4.075
580,Malatia-Sebastia,205.0,1.025
581,Malatia-Sebastia,205.0,1.025
582,Malatia-Sebastia,205.0,1.025
583,Malatia-Sebastia,205.0,1.025
584,Malatia-Sebastia,205.0,1.025
585,Malatia-Sebastia,205.0,1.025
586,Malatia-Sebastia,205.0,1.025
587,Ajapnyak,37.0,0.18499999999999997
588,Ajapnyak,37.0,0.18499999999999997
589,Ajapnyak,37.0,0.18499999999999997
590,Ajapnyak,37.0,0.18499999999999997
591,Ajapnyak,37.0,0.18499999999999997
592,Ajapnyak,37.0,0.18499999999999997
593,Ajapnyak,37.0,0.18499999999999997
594,Ajapnyak,37.0,0.18499999999999997
595,Ajapnyak,37.0,0.18499999999999997
596,,,
597,,,
598,,,
599,,,
600,,,
601,,,
602,,,
603,,,
604,,,
605,,,
606,,,
607,,,
608,,,
609,Shengavit,815.0,4.075
610,Shengavit,815.0,4.075
611,Shengavit,815.0,4.075
612,Shengavit,815.0,4.075
613,Shengavit,815.0,4.075
614,Shengavit,815.0,4.075
615,Shengavit,815.0,4.075
616,Shengavit,815.0,4.075
617,Shengavit,815.0,4.075
618,Shengavit,815.0,4.075
619,Shengavit,815.0,4.075
620,Malatia-Sebastia,205.0,1.025
621,Malatia-Sebastia,205.0,1.025
622,Malatia-Sebastia,205.0,1.025
623,Malatia-Sebastia,205.0,1.025
624,Malatia-Sebastia,205.0,1.025
625,Malatia-Sebastia,205.0,1.025
626,Malatia-Sebastia,205.0,1.025
627,Ajapnyak,37.0,0.18499999999999997
628,Ajapnyak,37.0,0.18499999999999997
629,Ajapnyak,37.0,0.18499999999999997
630,Ajapnyak,37.0,0.18499999999999997
631,Ajapnyak,37.0,0.18499999999999997
632,Ajapnyak,37.0,0.18499999999999997
633,Ajapnyak,37.0,0.18499999999999997
634,Ajapnyak,37.0,0.18499999999999997
635,,,
636,,,
637,,,
638,,,
639,,,
640,,,
641,,,
642,,,
643,,,
644,,,
645,,,
646,,,
647,,,
648,,,
649,Shengavit,815.0,4.075
650,Shengavit,815.0,4.075
651,Shengavit,815.0,4.075
652,Shengavit,815.0,4.075
653,Shengavit,815.0,4.075
654,Shengavit,815.0,4.075
655,Shengavit,815.0,4.075
656,Shengavit,815.0,4.075
657,Shengavit,815.0,4.075
658,Shengavit,815.0,4.075
659,Malatia-Sebastia,205.0,1.025
660,Malatia-Sebastia,205.0,1.025
661,Malatia-Sebastia,205.0,1.025
662,Malatia-Sebastia,205.0,1.025
663,Malatia-Sebastia,205.0,1.025
664,Malatia-Sebastia,205.0,1.025
665,Malatia-Sebastia,205.0,1.025
666,Malatia-Sebastia,205.0,1.025
667,Ajapnyak,37.0,0.18499999999999997
668,Ajapnyak,37.0,0.18499999999999997
669,Ajapnyak,37.0,0.18499999999999997
670,Ajapnyak,37.0,0.18499999999999997
671,Ajapnyak,37.0,0.18499999999999997
672,Ajapnyak,37.0,0.18499999999999997
673,Ajapnyak,37.0,0.18499999999999997
674,Davtashen,449.0,2.2449999999999997
675,Davtashen,449.0,2.2449999999999997
676,,,
677,,,
678,,,
679,,,
680,,,
681,,,
682,,,
683,,,
684,,,
685,,,
686,,,
687,,,
688,,,
689,Shengavit,815.0,4.075
690,Shengavit,815.0,4.075
691,Shengavit,815.0,4.075
692,Shengavit,815.0,4.075
693,Shengavit,815.0,4.075
694,Shengavit,815.0,4.075
695,Shengavit,815.0,4.075
696,Shengavit,815.0,4.075
697,Shengavit,815.0,4.075
698,Shengavit,815.0,4.075
699,Malatia-Sebastia,205.0,1.025
700,Malatia-Sebastia,205.0,1.025
701,Malatia-Sebastia,205.0,1.025
702,Malatia-Sebastia,205.0,1.025
703,Malatia-Sebastia,205.0,1.025
704,Malatia-Sebastia,205.0,1.025
705,Malatia-Sebastia,205.0,1.025
706,Malatia-Sebastia,205.0,1.025
707,Malatia-Sebastia,205.0,1.025
708,Ajapnyak,37.0,0.18499999999999997
709,Ajapnyak,37.0,0.18499999999999997
710,Ajapnyak,37.0,0.18499999999999997
711,Ajapnyak,37.0,0.18499999999999997
712,Ajapnyak,37.0,0.18499999999999997
713,Ajapnyak,37.0,0.18499999999999997
714,Davtashen,449.0,2.2449999999999997
715,,,
716,,,
717,,,
718,,,
719,,,
720,,,
721,,,
722,,,
723,,,
724,,,
725,,,
726,,,
727,,,
728,,,
729,Shengavit,815.0,4.075
730,Shengavit,815.0,4.075
731,Shengavit,815.0,4.075
732,Shengavit,815.0,4.075
733,Shengavit,815.0,4.075
734,Shengavit,815.0,4.075
735,Shengavit,815.0,4.075
736,Shengavit,815.0,4.075
737,Shengavit,815.0,4.075
738,Shengavit,815.0,4.075
739,Malatia-Sebastia,205.0,1.025
740,Shengavit,815.0,4.075
741,Malatia-Sebastia,205.0,1.025
742,Malatia-Sebastia,205.0,1.025
743,Malatia-Sebastia,205.0,1.025
744,Malatia-Sebastia,205.0,1.025
745,Malatia-Sebastia,205.0,1.025
746,Malatia-Sebastia,205.0,1.025
747,Malatia-Sebastia,205.0,1.025
748,Ajapnyak,37.0,0.18499999999999997
749,Ajapnyak,37.0,0.18499999999999997
750,Ajapnyak,37.0,0.18499999999999997
751,Ajapnyak,37.0,0.18499999999999997
752,Ajapnyak,37.0,0.18499999999999997
753,Davtashen,449.0,2.2449999999999997
754,Davtashen,449.0,2.2449999999999997
755,,,
756,,,
757,,,
758,,,
759,,,
760,,,
761,,,
762,,,
763,,,
764,,,
765,,,
766,,,
767,,,
768,,,
769,Shengavit,815.0,4.075
770,Shengavit,815.0,4.075
771,Shengavit,815.0,4.075
772,Shengavit,815.0,4.075
773,Shengavit,815.0,4.075
774,Shengavit,815.0,4.075
775,Shengavit,815.0,4.075
776,Shengavit,815.0,4.075
777,Shengavit,815.0,4.075
778,Shengavit,815.0,4.075
779,Shengavit,815.0,4.075
780,Shengavit,815.0,4.075
781,Shengavit,815.0,4.075
782,Malatia-Sebastia,205.0,1.025
783,Malatia-Sebastia,205.0,1.025
784,Malatia-Sebastia,205.0,1.025
785,Malatia-Sebastia,205.0,1.025
786,Malatia-Sebastia,205.0,1.025
787,Ajapnyak,37.0,0.18499999999999997
788,Ajapnyak,37.0,0.18499999999999997
789,Ajapnyak,37.0,0.18499999999999997
790,Ajapnyak,37.0,0.18499999999999997
791,Ajapnyak,37.0,0.18499999999999997
792,Ajapnyak,37.0,0.18499999999999997
793,Davtashen,449.0,2.2449999999999997
794,Davtashen,449.0,2.2449999999999997
795,,,
796,,,
797,,,
798,,,
799,,,
800,,,
801,,,
802,,,
803,,,
804,,,
805,,,
806,,,
807,,,
808,,,
809,Shengavit,815.0,4.075
810,Shengavit,815.0,4.075
811,Shengavit,815.0,4.075
812,Shengavit,815.0,4.075
813,Shengavit,815.0,4.075
814,Shengavit,815.0,4.075
815,Shengavit,815.0,4.075
816,Shengavit,815.0,4.075
817,Shengavit,815.0,4.075
818,Shengavit,815.0,4.075
819,Shengavit,815.0,4.075
820,Shengavit,815.0,4.075
821,Shengavit,815.0,4.075
822,Malatia-Sebastia,205.0,1.025
823,Malatia-Sebastia,205.0,1.025
824,Malatia-Sebastia,205.0,1.025
825,Malatia-Sebastia,205.0,1.025
826,Kentron,870.0,4.35
827,Kentron,870.0,4.35
828,Arabkir,900.0,4.5
829,Ajapnyak,37.0,0.18499999999999997
830,Ajapnyak,37.0,0.18499999999999997
831,Ajapnyak,37.0,0.18499999999999997
832,Davtashen,449.0,2.2449999999999997
833,Davtashen,449.0,2.2449999999999997
834,Davtashen,449.0,2.2449999999999997
835,Davtashen,449.0,2.2449999999999997
836,,,
837,,,
838,,,
839,,,
840,,,
841,,,
842,,,
843,,,
844,,,
845,,,
846,,,
847,,,
848,,,
849,Shengavit,815.0,4.075
850,Shengavit,815.0,4.075
851,Shengavit,815.0,4.075
852,Shengavit,815.0,4.075
853,Shengavit,815.0,4.075
854,Shengavit,815.0,4.075
855,Shengavit,815.0,4.075
856,Shengavit,815.0,4.075
857,Shengavit,815.0,4.075
858,Shengavit,815.0,4.075
859,Shengavit,815.0,4.075
860,Shengavit,815.0,4.075
861,Shengavit,815.0,4.075
862,Kentron,870.0,4.35
863,Kentron,870.0,4.35
864,Kentron,870.0,4.35
865,Kentron,870.0,4.35
866,Kentron,870.0,4.35
867,Kentron,870.0,4.35
868,Arabkir,900.0,4.5
869,Arabkir,900.0,4.5
870,Arabkir,900.0,4.5
871,Ajapnyak,37.0,0.18499999999999997
872,Davtashen,449.0,2.2449999999999997
873,Davtashen,449.0,2.2449999999999997
874,Davtashen,449.0,2.2449999999999997
875,Davtashen,449.0,2.2449999999999997
876,Davtashen,449.0,2.2449999999999997
877,,,
878,,,
879,,,
880,,,
881,,,
882,,,
883,,,
884,Shengavit,815.0,4.075
885,Shengavit,815.0,4.075
886,Shengavit,815.0,4.075
887,Shengavit,815.0,4.075
888,Shengavit,815.0,4.075
889,Shengavit,815.0,4.075
890,Shengavit,815.0,4.075
891,Shengavit,815.0,4.075
892,Shengavit,815.0,4.075
893,Shengavit,815.0,4.075
894,Shengavit,815.0,4.075
895,Shengavit,815.0,4.075
896,Shengavit,815.0,4.075
897,Shengavit,815.0,4.075
898,Shengavit,815.0,4.075
899,Shengavit,815.0,4.075
900,Kentron,870.0,4.35
901,Kentron,870.0,4.35
902,Kentron,870.0,4.35
903,Kentron,870.0,4.35
904,Kentron,870.0,4.35
905,Kentron,870.0,4.35
906,Kentron,870.0,4.35
907,Arabkir,900.0,4.5
908,Arabkir,900.0,4.5
909,Arabkir,900.0,4.5
910,Arabkir,900.0,4.5
911,Arabkir,900.0,4.5
912,Davtashen,449.0,2.2449999999999997
913,Davtashen,449.0,2.2449999999999997
914,Davtashen,449.0,2.2449999999999997
915,Davtashen,449.0,2.2449999999999997
916,,,
917,,,
918,,,
919,,,
920,,,
921,,,
922,,,
923,,,
924,,,
925,Shengavit,815.0,4.075
926,Shengavit,815.0,4.075
927,Shengavit,815.0,4.075
928,Shengavit,815.0,4.075
929,Shengavit,815.0,4.075
930,Shengavit,815.0,4.075
931,Shengavit,815.0,4.075
932,Shengavit,815.0,4.075
933,Shengavit,815.0,4.075
934,Shengavit,815.0,4.075
935,Shengavit,815.0,4.075
936,Shengavit,815.0,4.075
937,Shengavit,815.0,4.075
938,Shengavit,815.0,4.075
939,Shengavit,815.0,4.075
940,Shengavit,815.0,4.075
941,Kentron,870.0,4.35
942,Kentron,870.0,4.35
943,Kentron,870.0,4.35
944,Kentron,870.0,4.35
945,Kentron,870.0,4.35
946,Kentron,870.0,4.35
947,Arabkir,900.0,4.5
948,Arabkir,900.0,4.5
949,Arabkir,900.0,4.5
950,Arabkir,900.0,4.5
951,Arabkir,900.0,4.5
952,Arabkir,900.0,4.5
953,Davtashen,449.0,2.2449999999999997
954,Davtashen,449.0,2.2449999999999997
955,Davtashen,449.0,2.2449999999999997
956,,,
957,,,
958,,,
959,,,
960,,,
961,Nubarashen,453.0,2.265
962,Nubarashen,453.0,2.265
963,Nubarashen,453.0,2.265
964,,,
965,Shengavit,815.0,4.075
966,Shengavit,815.0,4.075
967,Shengavit,815.0,4.075
968,Shengavit,815.0,4.075
969,Shengavit,815.0,4.075
970,Shengavit,815.0,4.075
971,Shengavit,815.0,4.075
972,Shengavit,815.0,4.075
973,Shengavit,815.0,4.075
974,Shengavit,815.0,4.075
975,Shengavit,815.0,4.075
976,Shengavit,815.0,4.075
977,Shengavit,815.0,4.075
978,Shengavit,815.0,4.075
979,Shengavit,815.0,4.075
980,Shengavit,815.0,4.075
981,Shengavit,815.0,4.075
982,Kentron,870.0,4.35
983,Kentron,870.0,4.35
984,Kentron,870.0,4.35
985,Kentron,870.0,4.35
986,Kentron,870.0,4.35
987,Kentron,870.0,4.35
988,Kentron,870.0,4.35
989,Arabkir,900.0,4.5
990,Arabkir,900.0,4.5
991,Arabkir,900.0,4.5
992,Arabkir,900.0,4.5
993,Arabkir,900.0,4.5
994,Davtashen,449.0,2.2449999999999997
995,Davtashen,449.0,2.2449999999999997
996,,,
997,,,
998,,,
999,,,
1000,,,
1001,Nubarashen,453.0,2.265
1002,Nubarashen,453.0,2.265
1003,Nubarashen,453.0,2.265
1004,Nubarashen,453.0,2.265
1005,Shengavit,815.0,4.075
1006,Shengavit,815.0,4.075
1007,Shengavit,815.0,4.075
1008,Shengavit,815.0,4.075
1009,Erebuni,416.0,2.08
1010,Erebuni,416.0,2.08
1011,Erebuni,416.0,2.08
1012,Erebuni,416.0,2.08
1013,Erebuni,416.0,2.08
1014,Erebuni,416.0,2.08
1015,Erebuni,416.0,2.08
1016,Erebuni,416.0,2.08
1017,Erebuni,416.0,2.08
1018,Erebuni,416.0,2.08
1019,Erebuni,416.0,2.08
1020,Erebuni,416.0,2.08
1021,Erebuni,416.0,2.08
1022,Kentron,870.0,4.35
1023,Kentron,870.0,4.35
1024,Kentron,870.0,4.35
1025,Kentron,870.0,4.35
1026,Kentron,870.0,4.35
1027,Kentron,870.0,4.35
1028,Kentron,870.0,4.35
1029,Arabkir,900.0,4.5
1030,Arabkir,900.0,4.5
1031,Arabkir,900.0,4.5
1032,Arabkir,900.0,4.5
1033,Arabkir,900.0,4.5
1034,Arabkir,900.0,4.5
1035,Davtashen,449.0,2.2449999999999997
1036,,,
1037,,,
1038,,,
1039,,,
1040,,,
1041,Nubarashen,453.0,2.265
1042,Nubarashen,453.0,2.265
1043,Nubarashen,453.0,2.265
1044,Nubarashen,453.0,2.265
1045,Nubarashen,453.0,2.265
1046,Shengavit,815.0,4.075
1047,Shengavit,815.0,4.075
1048,Erebuni,416.0,2.08
1049,Erebuni,416.0,2.08
1050,Erebuni,416.0,2.08
1051,Erebuni,416.0,2.08
1052,Erebuni,416.0,2.08
1053,Erebuni,416.0,2.08
1054,Erebuni,416.0,2.08
1055,Erebuni,416.0,2.08
1056,Erebuni,416.0,2.08
1057,Erebuni,416.0,2.08
1058,Erebuni,416.0,2.08
1059,Erebuni,416.0,2.08
1060,Erebuni,416.0,2.08
1061,Kentron,870.0,4.35
1062,Kentron,870.0,4.35
1063,Kentron,870.0,4.35
1064,Kentron,870.0,4.35
1065,Kentron,870.0,4.35
1066,Kentron,870.0,4.35
1067,Kentron,870.0,4.35
1068,Kentron,870.0,4.35
1069,Arabkir,900.0,4.5
1070,Arabkir,900.0,4.5
1071,Arabkir,900.0,4.5
1072,Arabkir,900.0,4.5
1073,Arabkir,900.0,4.5
1074,Arabkir,900.0,4.5
1075,Arabkir,900.0,4.5
1076,,,
1077,,,
1078,,,
1079,,,
1080,,,
1081,,,
1082,Nubarashen,453.0,2.265
1083,Nubarashen,453.0,2.265
1084,Nubarashen,453.0,2.265
1085,Nubarashen,453.0,2.265
1086,Nubarashen,453.0,2.265
1087,Nubarashen,453.0,2.265
1088,Erebuni,416.0,2.08
1089,Erebuni,416.0,2.08
1090,Erebuni,416.0,2.08
1091,Erebuni,416.0,2.08
1092,Erebuni,416.0,2.08
1093,Erebuni,416.0,2.08
1094,Erebuni,416.0,2.08
1095,Erebuni,416.0,2.08
1096,Erebuni,416.0,2.08
1097,Erebuni,416.0,2.08
1098,Erebuni,416.0,2.08
1099,Erebuni,416.0,2.08
1100,Erebuni,416.0,2.08
1101,Erebuni,416.0,2.08
1102,Kentron,870.0,4.35
1103,Kentron,870.0,4.35
1104,Kentron,870.0,4.35
1105,Kentron,870.0,4.35
1106,Kentron,870.0,4.35
1107,Kentron,870.0,4.35
1108,Qanaqer-Zeytun,943.0,4.715
1109,Qanaqer-Zeytun,943.0,4.715
1110,Arabkir,900.0,4.5
1111,Arabkir,900.0,4.5
1112,Arabkir,900.0,4.5
1113,Arabkir,900.0,4.5
1114,Arabkir,900.0,4.5
1115,Arabkir,900.0,4.5
1116,,,
1117,,,
1118,,,
1119,,,
1120,Nubarashen,453.0,2.265
1121,Nubarashen,453.0,2.265
1122,Nubarashen,453.0,2.265
1123,Nubarashen,453.0,2.265
1124,Nubarashen,453.0,2.265
1125,Nubarashen,453.0,2.265
1126,Nubarashen,453.0,2.265
1127,Nubarashen,453.0,2.265
1128,Erebuni,416.0,2.08
1129,Erebuni,416.0,2.08
1130,Erebuni,416.0,2.08
1131,Erebuni,416.0,2.08
1132,Erebuni,416.0,2.08
1133,Erebuni,416.0,2.08
1134,Erebuni,416.0,2.08
1135,Erebuni,416.0,2.08
1136,Erebuni,416.0,2.08
1137,Erebuni,416.0,2.08
1138,Erebuni,416.0,2.08
1139,Erebuni,416.0,2.08
1140,Erebuni,416.0,2.08
1141,Erebuni,416.0,2.08
1142,,,
1143,,,
1144,,,
1145,Kentron,870.0,4.35
1146,,,
1147,Kentron,870.0,4.35
1148,Kentron,870.0,4.35
1149,Qanaqer-Zeytun,943.0,4.715
1150,Qanaqer-Zeytun,943.0,4.715
1151,Qanaqer-Zeytun,943.0,4.715
1152,Arabkir,900.0,4.5
1153,Arabkir,900.0,4.5
1154,Arabkir,900.0,4.5
1155,Arabkir,900.0,4.5
1156,Arabkir,900.0,4.5
1157,,,
1158,,,
1159,,,
1160,,,
1161,Nubarashen,453.0,2.265
1162,Nubarashen,453.0,2.265
1163,Nubarashen,453.0,2.265
1164,Nubarashen,453.0,2.265
1165,Nubarashen,453.0,2.265
1166,Nubarashen,453.0,2.265
1167,Nubarashen,453.0,2.265
1168,Nubarashen,453.0,2.265
1169,Nubarashen,453.0,2.265
1170,Nubarashen,453.0,2.265
1171,Nubarashen,453.0,2.265
1172,Erebuni,416.0,2.08
1173,Erebuni,416.0,2.08
1174,Erebuni,416.0,2.08
1175,Erebuni,416.0,2.08
1176,Erebuni,416.0,2.08
1177,Erebuni,416.0,2.08
1178,Erebuni,416.0,2.08
1179,Erebuni,416.0,2.08
1180,Erebuni,416.0,2.08
1181,Erebuni,416.0,2.08
1182,,,
1183,,,
1184,,,
1185,,,
1186,,,
1187,,,
1188,Kentron,870.0,4.35
1189,Qanaqer-Zeytun,943.0,4.715
1190,Qanaqer-Zeytun,943.0,4.715
1191,Qanaqer-Zeytun,943.0,4.715
1192,Qanaqer-Zeytun,943.0,4.715
1193,Qanaqer-Zeytun,943.0,4.715
1194,Qanaqer-Zeytun,943.0,4.715
1195,Qanaqer-Zeytun,943.0,4.715
1196,Arabkir,900.0,4.5
1197,Arabkir,900.0,4.5
1198,,,
1199,,,
1200,,,
1201,,,
1202,Nubarashen,453.0,2.265
1203,Nubarashen,453.0,2.265
1204,Nubarashen,453.0,2.265
1205,Nubarashen,453.0,2.265
1206,Nubarashen,453.0,2.265
1207,Nubarashen,453.0,2.265
1208,Nubarashen,453.0,2.265
1209,Nubarashen,453.0,2.265
1210,Nubarashen,453.0,2.265
1211,Nubarashen,453.0,2.265
1212,Erebuni,416.0,2.08
1213,Erebuni,416.0,2.08
1214,Erebuni,416.0,2.08
1215,Erebuni,416.0,2.08
1216,Erebuni,416.0,2.08
1217,Erebuni,416.0,2.08
1218,Erebuni,416.0,2.08
1219,Erebuni,416.0,2.08
1220,Erebuni,416.0,2.08
1221,Erebuni,416.0,2.08
1222,,,
1223,,,
1224,,,
1225,,,
1226,,,
1227,,,
1228,,,
1229,Qanaqer-Zeytun,943.0,4.715
1230,Qanaqer-Zeytun,943.0,4.715
1231,Qanaqer-Zeytun,943.0,4.715
1232,Qanaqer-Zeytun,943.0,4.715
1233,Qanaqer-Zeytun,943.0,4.715
1234,Qanaqer-Zeytun,943.0,4.715
1235,Qanaqer-Zeytun,943.0,4.715
1236,Arabkir,900.0,4.5
1237,Arabkir,900.0,4.5
1238,Arabkir,900.0,4.5
1239,,,
1240,,,
1241,,,
1242,Nubarashen,453.0,2.265
1243,Nubarashen,453.0,2.265
1244,Nubarashen,453.0,2.265
1245,Nubarashen,453.0,2.265
1246,Nubarashen,453.0,2.265
1247,Nubarashen,453.0,2.265
1248,Nubarashen,453.0,2.265
1249,Nubarashen,453.0,2.265
1250,Nubarashen,453.0,2.265
1251,Nubarashen,453.0,2.265
1252,Erebuni,416.0,2.08
1253,Erebuni,416.0,2.08
1254,Erebuni,416.0,2.08
1255,Erebuni,416.0,2.08
1256,Erebuni,416.0,2.08
1257,Erebuni,416.0,2.08
1258,Erebuni,416.0,2.08
1259,Erebuni,416.0,2.08
1260,Erebuni,416.0,2.08
1261,Erebuni,416.0,2.08
1262,Nor-Norq,643.0,3.215
1263,Nor-Norq,643.0,3.215
1264,Nor-Norq,643.0,3.215
1265,,,
1266,,,
1267,,,
1268,,,
1269,Qanaqer-Zeytun,943.0,4.715
1270,Qanaqer-Zeytun,943.0,4.715
1271,Qanaqer-Zeytun,943.0,4.715
1272,Qanaqer-Zeytun,943.0,4.715
1273,Qanaqer-Zeytun,943.0,4.715
1274,Qanaqer-Zeytun,943.0,4.715
1275,Qanaqer-Zeytun,943.0,4.715
1276,Qanaqer-Zeytun,943.0,4.715
1277,Arabkir,900.0,4.5
1278,,,
1279,,,
1280,,,
1281,,,
1282,Nubarashen,453.0,2.265
1283,Nubarashen,453.0,2.265
1284,Nubarashen,453.0,2.265
1285,Nubarashen,453.0,2.265
1286,Nubarashen,453.0,2.265
1287,Nubarashen,453.0,2.265
1288,Nubarashen,453.0,2.265
1289,Nubarashen,453.0,2.265
1290,Nubarashen,453.0,2.265
1291,Nubarashen,453.0,2.265
1292,Erebuni,416.0,2.08
1293,Erebuni,416.0,2.08
1294,Erebuni,416.0,2.08
1295,Erebuni,416.0,2.08
1296,Erebuni,416.0,2.08
1297,Erebuni,416.0,2.08
1298,Erebuni,416.0,2.08
1299,Erebuni,416.0,2.08
1300,Erebuni,416.0,2.08
1301,Erebuni,416.0,2.08
1302,Nor-Norq,643.0,3.215
1303,Nor-Norq,643.0,3.215
1304,Nor-Norq,643.0,3.215
1305,Nor-Norq,643.0,3.215
1306,,,
1307,Nor-Norq,643.0,3.215
1308,Nor-Norq,643.0,3.215
1309,Nor-Norq,643.0,3.215
1310,Qanaqer-Zeytun,943.0,4.715
1311,Avan,444.0,2.22
1312,Avan,444.0,2.22
1313,Avan,444.0,2.22
1314,Avan,444.0,2.22
1315,Avan,444.0,2.22
1316,Qanaqer-Zeytun,943.0,4.715
1317,Arabkir,900.0,4.5
1318,,,
1319,,,
1320,,,
1321,,,
1322,,,
1323,,,
1324,Nubarashen,453.0,2.265
1325,Nubarashen,453.0,2.265
1326,Nubarashen,453.0,2.265
1327,Nubarashen,453.0,2.265
1328,Nubarashen,453.0,2.265
1329,Nubarashen,453.0,2.265
1330,Nubarashen,453.0,2.265
1331,Erebuni,416.0,2.08
1332,Erebuni,416.0,2.08
1333,Erebuni,416.0,2.08
1334,Erebuni,416.0,2.08
1335,Erebuni,416.0,2.08
1336,Erebuni,416.0,2.08
1337,Erebuni,416.0,2.08
1338,Erebuni,416.0,2.08
1339,Erebuni,416.0,2.08
1340,Erebuni,416.0,2.08
1341,Nor-Norq,643.0,3.215
1342,Nor-Norq,643.0,3.215
1343,Nor-Norq,643.0,3.215
1344,Nor-Norq,643.0,3.215
1345,Nor-Norq,643.0,3.215
1346,Nor-Norq,643.0,3.215
1347,Nor-Norq,643.0,3.215
1348,Nor-Norq,643.0,3.215
1349,Nor-Norq,643.0,3.215
1350,Nor-Norq,643.0,3.215
1351,Avan,444.0,2.22
1352,Avan,444.0,2.22
1353,Avan,444.0,2.22
1354,Avan,444.0,2.22
1355,Avan,444.0,2.22
1356,Avan,444.0,2.22
1357,Qanaqer-Zeytun,943.0,4.715
1358,,,
1359,,,
1360,,,
1361,,,
1362,,,
1363,,,
1364,,,
1365,,,
1366,Nubarashen,453.0,2.265
1367,Nubarashen,453.0,2.265
1368,Nubarashen,453.0,2.265
1369,Nubarashen,453.0,2.265
1370,Nubarashen,453.0,2.265
1371,Erebuni,416.0,2.08
1372,Erebuni,416.0,2.08
1373,Erebuni,416.0,2.08
1374,Erebuni,416.0,2.08
1375,Erebuni,416.0,2.08
1376,Erebuni,416.0,2.08
1377,Erebuni,416.0,2.08
1378,Erebuni,416.0,2.08
1379,Erebuni,416.0,2.08
1380,Erebuni,416.0,2.08
1381,Erebuni,416.0,2.08
1382,Nor-Norq,643.0,3.215
1383,Nor-Norq,643.0,3.215
1384,Nor-Norq,643.0,3.215
1385,Nor-Norq,643.0,3.215
1386,Nor-Norq,643.0,3.215
1387,Nor-Norq,643.0,3.215
1388,Nor-Norq,643.0,3.215
1389,Nor-Norq,643.0,3.215
1390,Nor-Norq,643.0,3.215
1391,Avan,444.0,2.22
1392,Avan,444.0,2.22
1393,Avan,444.0,2.22
1394,Avan,444.0,2.22
1395,Avan,444.0,2.22
1396,,,
1397,,,
1398,,,
1399,,,
1400,,,
1401,,,
1402,,,
1403,,,
1404,,,
1405,,,
1406,Nubarashen,453.0,2.265
1407,Nubarashen,453.0,2.265
1408,Nubarashen,453.0,2.265
1409,Nubarashen,453.0,2.265
1410,Nubarashen,453.0,2.265
1411,Erebuni,416.0,2.08
1412,Erebuni,416.0,2.08
1413,Erebuni,416.0,2.08
1414,Erebuni,416.0,2.08
1415,Erebuni,416.0,2.08
1416,Erebuni,416.0,2.08
1417,Erebuni,416.0,2.08
1418,Erebuni,416.0,2.08
1419,,,
1420,,,
1421,Nor-Norq,643.0,3.215
1422,Nor-Norq,643.0,3.215
1423,Nor-Norq,643.0,3.215
1424,Nor-Norq,643.0,3.215
1425,Nor-Norq,643.0,3.215
1426,Nor-Norq,643.0,3.215
1427,Nor-Norq,643.0,3.215
1428,Nor-Norq,643.0,3.215
1429,Nor-Norq,643.0,3.215
1430,Nor-Norq,643.0,3.215
1431,Nor-Norq,643.0,3.215
1432,Avan,444.0,2.22
1433,Avan,444.0,2.22
1434,Avan,444.0,2.22
1435,Avan,444.0,2.22
1436,,,
1437,,,
1438,,,
1439,,,
1440,,,
1441,,,
1442,,,
1443,,,
1444,,,
1445,,,
1446,,,
1447,,,
1448,Nubarashen,453.0,2.265
1449,Nubarashen,453.0,2.265
1450,Nubarashen,453.0,2.265
1451,Erebuni,416.0,2.08
1452,Erebuni,416.0,2.08
1453,Erebuni,416.0,2.08
1454,Erebuni,416.0,2.08
1455,Erebuni,416.0,2.08
1456,Erebuni,416.0,2.08
1457,Erebuni,416.0,2.08
1458,Erebuni,416.0,2.08
1459,Erebuni,416.0,2.08
1460,,,
1461,,,
1462,,,
1463,Nor-Norq,643.0,3.215
1464,Nor-Norq,643.0,3.215
1465,Nor-Norq,643.0,3.215
1466,Nor-Norq,643.0,3.215
1467,Nor-Norq,643.0,3.215
1468,Nor-Norq,643.0,3.215
1469,Nor-Norq,643.0,3.215
1470,Nor-Norq,643.0,3.215
1471,Avan,444.0,2.22
1472,Avan,444.0,2.22
1473,Avan,444.0,2.22
1474,Avan,444.0,2.22
1475,,,
1476,,,
1477,,,
1478,,,
1479,,,
1480,,,
1481,,,
1482,,,
1483,,,
1484,,,
1485,,,
1486,,,
1487,,,
1488,Nubarashen,453.0,2.265
1489,Nubarashen,453.0,2.265
1490,Nubarashen,453.0,2.265
1491,Erebuni,416.0,2.08
1492,Erebuni,416.0,2.08
1493,Erebuni,416.0,2.08
1494,Erebuni,416.0,2.08
1495,Erebuni,416.0,2.08
1496,Erebuni,416.0,2.08
1497,Erebuni,416.0,2.08
1498,Erebuni,416.0,2.08
1499,Erebuni,416.0,2.08
1500,,,
1501,,,
1502,,,
1503,,,
1504,Nor-Norq,643.0,3.215
1505,,,
1506,,,
1507,Nor-Norq,643.0,3.215
1508,Nor-Norq,643.0,3.215
1509,Nor-Norq,643.0,3.215
1510,,,
1511,Avan,444.0,2.22
1512,Avan,444.0,2.22
1513,Avan,444.0,2.22
1514,,,
1515,,,
1516,,,
1517,,,
1518,,,
1519,,,
1520,,,
1521,,,
1522,,,
1523,,,
1524,,,
1525,,,
1526,,,
1527,,,
1528,,,
1529,Nubarashen,453.0,2.265
1530,Nubarashen,453.0,2.265
1531,Erebuni,416.0,2.08
1532,Erebuni,416.0,2.08
1533,Erebuni,416.0,2.08
1534,Erebuni,416.0,2.08
1535,Erebuni,416.0,2.08
1536,Erebuni,416.0,2.08
1537,Erebuni,416.0,2.08
1538,Erebuni,416.0,2.08
1539,,,
1540,,,
1541,,,
1542,,,
1543,,,
1544,,,
1545,,,
1546,,,
1547,Nor-Norq,643.0,3.215
1548,,,
1549,,,
1550,,,
1551,,,
1552,,,
1553,Avan,444.0,2.22
1554,,,
1555,,,
1556,,,
1557,,,
1558,,,
1559,,,
1560,,,
1561,,,
1562,,,
1563,,,
1564,,,
1565,,,
1566,,,
1567,,,
1568,,,
1569,Nubarashen,453.0,2.265
1570,Nubarashen,453.0,2.265
1571,Nubarashen,453.0,2.265
1572,Nubarashen,453.0,2.265
1573,Erebuni,416.0,2.08
1574,Erebuni,416.0,2.08
1575,Erebuni,416.0,2.08
1576,Erebuni,416.0,2.08
1577,Erebuni,416.0,2.08
1578,Erebuni,416.0,2.08
1579,Erebuni,416.0,2.08
1580,,,
1581,,,
1582,,,
1583,,,
1584,,,
1585,,,
1586,,,
1587,Nor-Norq,643.0,3.215
1588,,,
1589,,,
1590,,,
1591,,,
1592,,,
1593,,,
1594,,,
1595,,,
1596,,,
1597,,,
1598,,,
1599,,,
1600,,,
1601,,,
1602,,,
1603,,,
1604,,,
1605,,,
1606,,,
1607,,,
1608,,,
1609,,,
1610,,,
1611,Nubarashen,453.0,2.265
1612,Nubarashen,453.0,2.265
1613,Erebuni,416.0,2.08
1614,Erebuni,416.0,2.08
1615,Erebuni,416.0,2.08
1616,Erebuni,416.0,2.08
1617,Erebuni,416.0,2.08
1618,Erebuni,416.0,2.08
1619,Erebuni,416.0,2.08
1620,,,
1621,,,
1622,,,
1623,,,
1624,,,
1625,,,
1626,,,
1627,Nor-Norq,643.0,3.215
1628,Nor-Norq,643.0,3.215
1629,,,
1630,,,
1631,,,
1632,,,
1633,,,
1634,,,
1635,,,
1636,,,
1637,,,
1638,,,
1639,,,
1640,,,
1641,,,
1642,,,
1643,,,
1644,,,
1645,,,
1646,,,
1647,,,
1648,,,
1649,,,
1650,,,
1651,,,
1652,,,
1653,Nubarashen,453.0,2.265
1654,Nubarashen,453.0,2.265
1655,Nubarashen,453.0,2.265
1656,Erebuni,416.0,2.08
1657,Erebuni,416.0,2.08
1658,,,
1659,,,
1660,,,
1661,,,
1662,,,
1663,,,
1664,,,
1665,,,
1666,,,
1667,,,
1668,,,
1669,,,
1670,,,
1671,,,
1672,,,
1673,,,
1674,,,
1675,,,
1676,,,
1677,,,
1678,,,
1679,,,
1680,,,
1681,,,
1682,,,
1683,,,
1684,,,
1685,,,
1686,,,
1687,,,
1688,,,
1689,,,
1690,,,
1691,,,
1692,,,
1693,,,
1694,,,
1695,Nubarashen,453.0,2.265
1696,Erebuni,416.0,2.08
1697,Erebuni,416.0,2.08
1698,,,
1699,,,
1700,,,
1701,,,
1702,,,
1703,,,
1704,,,
1705,,,
1706,,,
1707,,,
1708,,,
1709,,,
1710,,,
1711,,,
1712,,,
1713,,,
1714,,,
1715,,,
1716,,,
1717,,,
1718,,,
1719,,,
1720,,,
1721,,,
1722,,,
1723,,,
1724,,,
1725,,,
1726,,,
1727,,,
1728,,,
1729,,,
1730,,,
1731,,,
1732,,,
1733,,,
1734,,,
1735,,,
1736,Erebuni,416.0,2.08
1737,,,
1738,,,
1739,,,
1740,,,
1741,,,
1742,,,
1743,,,
1744,,,
1745,,,
1746,,,
1747,,,
1748,,,
1749,,,
1750,,,
1751,,,
1752,,,
1753,,,
1754,,,
1755,,,
1756,,,
1757,,,
1758,,,
1759,,,
1760,,,
1761,,,
1762,,,
1763,,,
1764,,,
1765,,,
1766,,,
1767,,,
1768,,,
1769,,,
1770,,,
1771,,,
1772,,,
1773,,,
1774,,,
1775,,,
1776,,,
1777,,,
1778,,,
1779,,,
1780,,,
1781,,,
1782,,,
1783,,,
1784,,,
1785,,,
1786,,,
1787,,,
1788,,,
1789,,,
1790,,,
1791,,,
1792,,,
1793,,,
1794,,,
1795,,,
1796,,,
1797,,,
1798,,,
1799,,,
